John Hillnob,john.hillnob@ninjamail.org,Oxford
Linda Mellonson,linda.mellonson@ninyahoo.co,Leicester
Mary Nipson,mary.nipson@ninyahoo.co,Oxford
Jason Castlenob,jason.castlenob@ninjamail.org,Cambridge
Diana Castlebutter,diana.castlebutter@ninjamail.org,Cambridge
Mary Gradnip,mary.gradnip@hotsumo.com,Oxford
John Nipwhale,john.nipwhale@ninyahoo.co,Newcastle
John Hillwhale,john.hillwhale@hotsumo.com,Newcastle
Tim Nobwhale,tim.nobwhale@hotsumo.com,Leicester
Tim Whalenob,tim.whalenob@dojobox.net,Newcastle
Anna Castlemellon,anna.castlemellon@ninjamail.org,London
Diana Castlecastle,diana.castlecastle@ninjamail.org,Newcastle
Diana Nobsmith,diana.nobsmith@ninyahoo.co,Leicester
Carol Whalenob,carol.whalenob@ninyahoo.co,London
Anna Gradhill,anna.gradhill@hotsumo.com,London
John Castlebutter,john.castlebutter@ninyahoo.co,London
Mary Nobmellon,mary.nobmellon@ninjamail.org,London
Carol Smithgrad,carol.smithgrad@dojobox.net,Newcastle
David Hillcastle,david.hillcastle@ninyahoo.co,London
Maggie Smithgrad,maggie.smithgrad@dojobox.net,Newcastle
Anna Nipsmith,anna.nipsmith@ninyahoo.co,London
Diana Underbutter,diana.underbutter@ninyahoo.co,Leicester
Maggie Butterson,maggie.butterson@ninjamail.org,Leicester
Mary Scotchnob,mary.scotchnob@dojobox.net,Leicester
Tim Butternip,tim.butternip@ninyahoo.co,Oxford
John Whalescotch,john.whalescotch@hotsumo.com,Oxford
Diana Melloncastle,diana.melloncastle@ninyahoo.co,Newcastle
Diana Scotchcastle,diana.scotchcastle@ninyahoo.co,Oxford
Carol Smithsmith,carol.smithsmith@ninjamail.org,Newcastle
Mary Castlenob,mary.castlenob@ninjamail.org,Newcastle
